route_id;route_short_name;route_desc;city_id;date
A;A;KOSZAROWA (SZPITAL) - Koszarowa - Berenta - Aleja Kromera - WyszyÒskiego - pl. PowstaÒcÛw Warszawy - O≥awska - Podwale - åwidnicka - Krucza - Inøynierska - Hallera - GrabiszyÒska - Solskiego - Aleja PiastÛw - Rac≥awicka - SkarbowcÛw - Sowia - Karkonoska - KRZYKI|KRZYKI - Sowia - SkarbowcÛw - Rac≥awicka - Aleja PiastÛw - Solskiego - GrabiszyÒska - Hallera - Aleja Pracy - Inøynierska - Krucza - Wielka - åwidnicka - Koúciuszki - KrasiÒskiego - pl. PowstaÒcÛw Warszawy - WyszyÒskiego - Boya-ØeleÒskiego - Berenta - Kasprowicza - Czajkowskiego - Koszarowa - KOSZAROWA (SZPITAL);1;2022-11-17 13:37:13.724863+00:00
C;C ;KOZAN”W - Kozanowska - Popowicka - D≥uga - mosty MieszczaÒskie - Dubois - Sienkiewicza - Szczytnicka - rondo Reagana - pl. Grunwaldzki - PL. GRUNWALDZKI|PL. GRUNWALDZKI - rondo Reagana - WyszyÒskiego - Drobnera - Dubois - Dmowskiego - D≥uga - Popowicka - Kozanowska - KOZAN”W;1;2022-11-17 13:37:13.724863+00:00
D;D;OSIEDLE SOBIESKIEGO - KrÛlewska - Bora-Komorowskiego - Krzywoustego - Br¸cknera - Kochanowskiego - rondo Reagana - pl. Grunwaldzki - O≥awska - Piotra Skargi - Podwale - åwidnicka - PowstaÒcÛw ålπskich - Krzycka - Wa≥brzyska - Karmelkowa - Gie≥dowa - GIE£DOWA (CENTRUM HURTU)|GIE£DOWA (CENTRUM HURTU) - Karmelkowa - Wa≥brzyska - Krzycka - PowstaÒcÛw ålπskich - åwidnicka - O≥awska - pl. PowstaÒcÛw Warszawy - pl. Grunwaldzki - rondo Reagana - Kochanowskiego - Br¸cknera - Krzywoustego - Bora-Komorowskiego - KrÛlewska - OSIEDLE SOBIESKIEGO;1;2022-11-17 13:37:13.724863+00:00
K;K;GAJ - P TLA - åwieradowska - Borowska - Peronowa - Kazimierza Wielkiego - Pomorska - Dubois - Kurkowa - Reymonta - Osobowicka - £uøycka - Bezpieczna - Obornicka - Broniewskiego - Ømigrodzka - KamieÒskiego - KAMIE—SKIEGO (P TLA)|KAMIE—SKIEGO (P TLA) - Ømigrodzka - Broniewskiego - Obornicka - Bezpieczna - £uøycka - Osobowicka - Reymonta - Kurkowa - Dubois - Drobnera - Nowy åwiat - Kazimierza Wielkiego - Piotra Skargi - Peronowa - ålÍøna - Borowska - åwieradowska - GAJ - P TLA;1;2022-11-17 13:37:13.724863+00:00
N;N;LITEWSKA - Litewska - Ømudzka - Kie≥czowska - Krzywoustego - Aleja Kromera - WyszyÒskiego - pl. PowstaÒcÛw Warszawy - O≥awska - Piotra Skargi - Peronowa - ålÍøna - Petrusewicza - PETRUSEWICZA|PETRUSEWICZA - Borowska - Peronowa - O≥awska - pl. PowstaÒcÛw Warszawy - WyszyÒskiego - Aleja Kromera - Krzywoustego - Kie≥czowska - Ømudzka - Litewska - LITEWSKA;1;2022-11-17 13:37:13.724863+00:00
1;1;POåWI TNE - Ømigrodzka - Trzebnicka - pl. PowstaÒcÛw Wielkopolskich - S≥owiaÒska - Jednoúci Narodowej - Nowowiejska - Piastowska - WrÛblewskiego - Olszewskiego - BISKUPIN|BISKUPIN - WrÛblewskiego - Piastowska - Nowowiejska - Jednoúci Narodowej - S≥owiaÒska - pl. PowstaÒcÛw Wielkopolskich - Trzebnicka - Ømigrodzka - POåWI TNE;1;2022-11-17 13:37:13.724863+00:00
2;2;KRZYKI - Karkonoska - PowstaÒcÛw ålπskich - pl. PowstaÒcÛw ålπskich - PowstaÒcÛw ålπskich - åwidnicka - Pi≥sudskiego - Ko≥≥πtaja - O≥awska - pl. PowstaÒcÛw Warszawy - WyszyÒskiego - Szczytnicka - rondo Reagana - WrÛblewskiego - Olszewskiego - BISKUPIN|BISKUPIN - WrÛblewskiego - rondo Reagana - WyszyÒskiego - pl. PowstaÒcÛw Warszawy - O≥awska - Skargi - Ko≥≥πtaja - Pi≥sudskiego - PowstaÒcÛw ålπskich - Karkonoska - KRZYKI;1;2022-11-17 13:37:13.724863+00:00
3;3;PILCZYCE - Lotnicza - Legnicka - Kazimierza Wielkiego - O≥awska - Traugutta - Krakowska - Opolska - KSI ØE MA£E|KSI ØE MA£E - Krakowska - Traugutta - O≥awska - Kazimierza Wielkiego - Legnicka - Lotnicza - PILCZYCE;1;2022-11-17 13:37:13.724863+00:00
4;4;BISKUPIN - Olszewskiego - WrÛblewskiego - rondo Reagana - pl. Grunwaldzki - pl. PowstaÒcÛw Warszawy - O≥awska - Kazimierza Wielkiego - Krupnicza - Sπdowa - GrabiszyÒska - OPOR”W|OPOR”W - Krupnicza - Kazimierza Wielkiego - O≥awska - pl. PowstaÒcÛw Warszawy - pl. Grunwaldzki - rondo Reagana - WrÛblewskiego - Olszewskiego - BISKUPIN;1;2022-11-17 13:37:13.724863+00:00
5;5;KSI ØE MA£E - Opolska - Krakowska - Traugutta - O≥awska - Skargi - Ko≥≥πtaja - Pi≥sudskiego - GrabiszyÒska - OPOR”W|OPOR”W - Pi≥sudskiego - Ko≥≥πtaja - O≥awska - Traugutta - Krakowska - Opolska - KSI ØE MA£E|OPOR”W - GrabiszyÒska - Pi≥sudskiego - Ko≥≥πtaja - O≥awska - Traugutta - Krakowska - Opolska - KSI ØE MA£E;1;2022-11-17 13:37:13.724863+00:00
6;6;KRZYKI - Karkonoska - PowstaÒcÛw ålπskich - pl. PowstaÒcÛw ålπskich - PowstaÒcÛw ålπskich - åwidnicka - Pi≥sudskiego - Krupnicza - Kazimierza Wielkiego - Szewska - Drobnera - pl. Bema - Bema - Poniatowskiego - Jednoúci Narodowej - ToruÒska - KROMERA|KROMERA - Jednoúci Narodowej - Poniatowskiego - Drobnera - Grodzka - Kazimierza Wielkiego - Krupnicza - Sπdowa - Pi≥sudskiego - PowstaÒcÛw ålπskich - Karkonoska - KRZYKI;1;2022-11-17 13:37:13.724863+00:00
7;7;KLECINA - Wa≥brzyska - Przyjaüni - Karkonoska - PowstaÒcÛw ålπskich - pl. PowstaÒcÛw ålπskich - PowstaÒcÛw ålπskich - åwidnicka - Pi≥sudskiego - Krupnicza - Kazimierza Wielkiego - Szewska - Drobnera - Chrobrego - pl. PowstaÒcÛw Wielkopolskich - Trzebnicka - Ømigrodzka - POåWI TNE|POåWI TNE - Trzebnicka - pl. PowstaÒcÛw Wielkopolskich - Chrobrego - Drobnera - Grodzka - Kazimierza Wielkiego - Krupnicza - Sπdowa - Pi≥sudskiego - PowstaÒcÛw ålπskich - Karkonoska - Przyjaüni - Wa≥brzyska - KLECINA;1;2022-11-17 13:37:13.724863+00:00
8;8;TARNOGAJ - Tarnogajska - Aleja Armii Krajowej - Bardzka - Hubska - Gliniana - Borowska - Peronowa - Ko≥≥πtaja - B≥. Czes≥awa - åw. Katarzyny - Piaskowa - pl. Bema - Bema - Poniatowskiego - S≥owiaÒska - pl. PowstaÒcÛw Wielkopolskich - Trzebnicka - Ømigrodzka - KAR£OWICE|KAR£OWICE - Trzebnicka - pl. PowstaÒcÛw Wielkopolskich - S≥owiaÒska - Poniatowskiego - pl. Bema - Piaskowa - åw. Katarzyny - B≥. Czes≥awa - Skargi - Ko≥≥πtaja - Peronowa - Borowska - Gliniana - Hubska - Bardzka - Aleja Armii Krajowej - Tarnogajska - TARNOGAJ;1;2022-11-17 13:37:13.724863+00:00
9;9;PARK PO£UDNIOWY - ålÍøna - Borowska - Peronowa - Ko≥≥πtaja - B≥. Czes≥awa - åw. Katarzyny - Piaskowa - Sienkiewicza - Mickiewicza - S POLNO|S POLNO - Piastowska - Sienkiewicza - pl. Bema - Piaskowa - åw. Katarzyny - B≥. Czes≥awa - Skargi - Ko≥≥πtaja - Peronowa - Borowska - ålÍøna - PARK PO£UDNIOWY;1;2022-11-17 13:37:13.724863+00:00
10;10;PILCZYCE - Lotnicza - Legnicka - Kazimierza Wielkiego - O≥awska - pl. PowstaÒcÛw Warszawy - WyszyÒskiego - Szczytnicka - rondo Reagana - WrÛblewskiego - Olszewskiego - BISKUPIN|BISKUPIN - WrÛblewskiego - rondo Reagana - WyszyÒskiego - pl. PowstaÒcÛw Warszawy - O≥awska - Kazimierza Wielkiego - Legnicka - Lotnicza - PILCZYCE;1;2022-11-17 13:37:13.724863+00:00
11;11;KOWALE - KwidzyÒska - ToruÒska - Jednoúci Narodowej - Poniatowskiego - pl. Bema - Piaskowa - åw. Katarzyny - B≥. Czes≥awa - Skargi - Ko≥≥πtaja - Pi≥sudskiego - GrabiszyÒska - GRABISZY—SKA (CMENTARZ)|GRABISZY—SKA (CMENTARZ) - Pi≥sudskiego - Ko≥≥πtaja - B≥. Czes≥awa - åw. Katarzyny - Piaskowa - pl. Bema - Bema - Poniatowskiego - Jednoúci Narodowej - ToruÒska - KwidzyÒska - KOWALE;1;2022-11-17 13:37:13.724863+00:00
15;15;PARK PO£UDNIOWY - ålÍøna - Borowska - Stawowa - Pi≥sudskiego - Podwale - Dmowskiego - Dubois - Drobnera - Chrobrego - pl. PowstaÒcÛw Wielkopolskich - Trzebnicka - Ømigrodzka - KAR£OWICE|KAR£OWICE - Trzebnicka - pl. PowstaÒcÛw Wielkopolskich - Chrobrego - Drobnera - Dubois - Jagie≥≥y - Podwale - Pi≥sudskiego - Borowska - ålÍøna - PARK PO£UDNIOWY;1;2022-11-17 13:37:13.724863+00:00
16;16;TARNOGAJ - Tarnogajska - Aleja Armii Krajowej - Bardzka - Hubska - Pu≥askiego - Traugutta - pl. PowstaÒcÛw Warszawy - pl. Grunwaldzki - rondo Reagana - WrÛblewskiego - ZOO|ZOO - rondo Reagana - pl. Grunwaldzki - pl. PowstaÒcÛw Warszawy - Traugutta - Pu≥askiego - Hubska - Bardzka - Aleja Armii Krajowej - Tarnogajska - TARNOGAJ;1;2022-11-17 13:37:13.724863+00:00
17;17;KLECINA - Wa≥brzyska - Przyjaüni - Karkonoska - PowstaÒcÛw ålπskich - pl. PowstaÒcÛw ålπskich - PowstaÒcÛw ålπskich - åwidnicka - Pi≥sudskiego - Ko≥≥πtaja - B≥. Czes≥awa - åw. Katarzyny - Piaskowa - Sienkiewicza - Mickiewicza - S POLNO|S POLNO - Piastowska - Sienkiewicza - pl. Bema - Piaskowa - åw. Katarzyny - B≥. Czes≥awa - Skargi - Ko≥≥πtaja - Pi≥sudskiego - PowstaÒcÛw ålπskich - Karkonoska - Przyjaüni - Wa≥brzyska - KLECINA;1;2022-11-17 13:37:13.724863+00:00
20;20;PILCZYCE - Lotnicza - Legnicka - Z≥otoryjska - TAT - Pi≥sudskiego - PowstaÒcÛw ålπskich - Aleja Hallera - GrabiszyÒska - OPOR”W|OPOR”W - Aleja Hallera - PowstaÒcÛw ålπskich - pl. PowstaÒcÛw ålπskich - PowstaÒcÛw ålπskich - åwidnicka - Pi≥sudskiego - TAT - årubowa - Z≥otoryjska - Legnicka - Lotnicza - PILCZYCE;1;2022-11-17 13:37:13.724863+00:00
23;23;WROC£AWSKI PARK PRZEMYS£OWY - Fabryczna - TAT - Podwale - pl. Teatralny - Teatralna - B≥. Czes≥awa - åw. Katarzyny - Piaskowa - pl. Bema - Bema - Poniatowskiego - Jednoúci Narodowej - ToruÒska - KROMERA|KROMERA - Jednoúci Narodowej - Poniatowskiego - pl. Bema - Piaskowa - åw. Katarzyny - B≥. Czes≥awa - Teatralna - pl. Teatralny - Podwale - TAT - Fabryczna - WROC£AWSKI PARK PRZEMYS£OWY;1;2022-11-17 13:37:13.724863+00:00
31;31;GAJ - åwieradowska - Bardzka - Hubska - Gliniana - Borowska - Stawowa - Pi≥sudskiego - Legnicka - Pilczycka - Maúlicka - Pilczycka - TARCZY—SKI ARENA (KR”LEWIECKA)|TARCZY—SKI ARENA (KR”LEWIECKA) - Maúlicka - Pilczycka - Legnicka - Pi≥sudskiego - Borowska - Gliniana - Hubska - Bardzka - åwieradowska - GAJ;1;2022-11-17 13:37:13.724863+00:00
32;32;GAJ - Bardzka - Hubska - Gliniana - Borowska - Stawowa - Pi≥sudskiego - Legnicka - Pilczycka - Dokerska - KOZAN”W (DOKERSKA)|KOZAN”W (DOKERSKA) - Pilczycka - Legnicka - Pi≥sudskiego - Borowska - Gliniana - Hubska - Bardzka - åwieradowska - GAJ;1;2022-11-17 13:37:13.724863+00:00
33;33;PILCZYCE - Lotnicza - Legnicka - Kazimierza Wielkiego - O≥awska - pl. PowstaÒcÛw Warszawy - pl. Grunwaldzki - rondo Reagana - Mickiewicza - S POLNO|S POLNO - rondo Reagana - pl. Grunwaldzki - pl. PowstaÒcÛw Warszawy - O≥awska - Kazimierza Wielkiego - Legnicka - Lotnicza - PILCZYCE;1;2022-11-17 13:37:13.724863+00:00
70;70;PARK PO£UDNIOWY - ålÍøna - Borowska - Peronowa - Ma≥achowskiego - Pu≥askiego - Traugutta - pl. PowstaÒcÛw Warszawy - pl. Grunwaldzki - rondo Reagana - Piastowska - Nowowiejska - Jednoúci Narodowej - S≥owiaÒska - pl. PowstaÒcÛw Wielkopolskich - Trzebnicka - Ømigrodzka - POåWI TNE|POåWI TNE - Trzebnicka - pl. PowstaÒcÛw Wielkopolskich - S≥owiaÒska - Jednoúci Narodowej - Nowowiejska - Piastowska - rondo Reagana - pl. Grunwaldzki - pl. PowstaÒcÛw Warszawy - Traugutta - Pu≥askiego - Ma≥achowskiego - Pi≥sudskiego - Peronowa - Borowska - ålÍøna - PARK PO£UDNIOWY;1;2022-11-17 13:37:13.724863+00:00
73;73;JELENIOG”RSKA - KosmonautÛw - Lotnicza - PILCZYCE|PILCZYCE - KosmonautÛw - JELENIOG”RSKA;1;2022-11-17 13:37:13.724863+00:00
74;74;KRZYKI - Karkonoska - PowstaÒcÛw ålπskich - Aleja Hallera - GrabiszyÒska - Pi≥sudskiego - Podwale - Dmowskiego - Dubois - Drobnera - Chrobrego - pl. PowstaÒcÛw Wielkopolskich - Trzebnicka - Ømigrodzka - POåWI TNE|POåWI TNE - Trzebnicka - pl. PowstaÒcÛw Wielkopolskich - Chrobrego - Drobnera - Dubois - Jagie≥≥y - Podwale - Pi≥sudskiego - GrabiszyÒska - Aleja Hallera - PowstaÒcÛw ålπskich - Karkonoska - KRZYKI;1;2022-11-17 13:37:13.724863+00:00
100;100;MOKRY DW”R - Batorego - Starodworska - KsiÍska - Opolska - KarwiÒska - Gazowa - Tarnogajska - Gazowa - åwieradowska - GAJ - P TLA|GAJ - P TLA - Morwowa - Gazowa - Opolska - KsiÍska - Starodworska - Batorego - MOKRY DW”R;1;2022-11-17 13:37:13.724863+00:00
101;101;LEåNICA - P≥oÒskiego - Trzmielowicka - åredzka - JeleniogÛrska - Stab≥owicka - Brodzka - KrÛlewiecka - Pilczycka - Wejherowska - Legnicka - KWISKA|KWISKA - Pilczycka - KrÛlewiecka - Brodzka - Stab≥owicka - JeleniogÛrska - P≥oÒskiego - LEåNICA;1;2022-11-17 13:37:13.724863+00:00
102;102;KOSMONAUT”W (SZPITAL) - Fieldorfa - Wojanowska - JeleniogÛrska - G≥Ûwna - Maúlicka - Pilczycka - Legnicka - Zachodnia - Rybacka - Sokolnicza - PL. JANA PAW£A II|PL. JANA PAW£A II - Legnicka - Zachodnia - Legnicka - Pilczycka - Maúlicka - G≥Ûwna - Stab≥owicka - JeleniogÛrska - Wojanowska - Fieldorfa - KosmonautÛw - KOSMONAUT”W (SZPITAL);1;2022-11-17 13:37:13.724863+00:00
103;103;PRACZE ODRZA—SKIE - Brodzka - Stab≥owicka - G≥Ûwna - Maúlicka - Pilczycka - Popowicka - Starogroblowa - D≥uga - PoznaÒska - Zachodnia - Rybacka - Sokolnicza - PL. JANA PAW£A II|PL. JANA PAW£A II - Legnicka - Zachodnia - PoznaÒska - D≥uga - Starogroblowa - Popowicka - Pilczycka - Maúlicka - G≥Ûwna - Stab≥owicka - Brodzka - PRACZE ODRZA—SKIE;1;2022-11-17 13:37:13.724863+00:00
104;104;R DZI—SKA - RÍdziÒska - Maúlicka - Pilczycka - Kozanowska - Popowicka - Starogroblowa - D≥uga - PoznaÒska - Zachodnia - Rybacka - Legnicka - PL. JANA PAW£A II|PL. JANA PAW£A II - Zachodnia - PoznaÒska - D≥uga - Starogroblowa - Popowicka - Kozanowska - Pilczycka - Maúlicka - RÍdziÒska - R DZI—SKA;1;2022-11-17 13:37:13.724863+00:00
105;105;åWINIARY - PÍgowska - Zajπczkowska - Pe≥czyÒska - Obornicka - Broniewskiego - Kasprowicza - Berenta - Aleja Kromera - KROMERA|KROMERA - Boya-ØeleÒskiego - Berenta - Kasprowicza - Broniewskiego - Obornicka - Pe≥czyÒska - Zajπczkowska - PÍgowska - åWINIARY;1;2022-11-17 13:37:13.724863+00:00
106;106;PORT LOTNICZY - Graniczna - SkarøyÒskiego - Graniczna - Strzegomska - OtyÒska - Fabryczna - TAT - Podwale - Dworcowa - DWORZEC G£”WNY (DWORCOWA)|DWORZEC G£”WNY (DWORCOWA) - Podwale - TAT - Fabryczna - Strzegomska - Graniczna - SkarøyÒskiego - Graniczna - PORT LOTNICZY;1;2022-11-17 13:37:13.724863+00:00
107;107;KRZYKI - Karkonoska - Letnia - Krzycka - Wa≥brzyska - Karmelkowa - Gie≥dowa - Karmelkowa - Solskiego - GrabiszyÒska - Ostrowskiego - Krzemieniecka - Stanis≥awowska - MiÒska - Strzegomska - OtyÒska - Fabryczna - årubowa - PoznaÒska - Zachodnia - Rybacka - PL. SOLIDARNOåCI|PL. SOLIDARNOåCI - Legnicka - Strzegomska - TAT - Fabryczna - Strzegomska - MiÒska - Stanis≥awowska - Krzemieniecka - Ostrowskiego - GrabiszyÒska - Solskiego - Karmelkowa - Gie≥dowa - Karmelkowa - Wa≥brzyska - Krzycka - Karkonoska - KRZYKI;1;2022-11-17 13:37:13.724863+00:00
108;108;PRACZE WIDAWSKIE - ZduÒska - Kominiarska - Pe≥czyÒska - Obornicka - Broniewskiego - Ømigrodzka - Trzebnicka - pl. PowstaÒcÛw Wielkopolskich - DWORZEC NADODRZE|DWORZEC NADODRZE - Trzebnicka - Broniewskiego - Obornicka - Pe≥czyÒska - Kominiarska - ZduÒska - PRACZE WIDAWSKIE;1;2022-11-17 13:37:13.724863+00:00
109;109;JARNO£T”W - Jarno≥towska - Jerzmanowska - Øernicka - GubiÒska - Strzegomska - OtyÒska - Fabryczna - årubowa - PoznaÒska - Zachodnia - Rybacka - PL. SOLIDARNOåCI|PL. SOLIDARNOåCI - Legnicka - Strzegomska - TAT - Fabryczna - Strzegomska - Chociebuska - Rogowska - Øernicka - Jerzmanowska - Jarno≥towska - JARNO£T”W;1;2022-11-17 13:37:13.724863+00:00
110;110;IWINY - RONDO - StrzeliÒska - Buforowa - Bardzka - Hubska - Sucha - Peronowa - Ko≥≥πtaja - S≥owackiego - GALERIA DOMINIKA—SKA|GALERIA DOMINIKA—SKA - Piotra Skargi - Ko≥≥πtaja - Peronowa - Sucha - Hubska - Bardzka - Buforowa - StrzeliÒska - IWINY - RONDO;1;2022-11-17 13:37:13.724863+00:00
111;111;OSIEDLE SOBIESKIEGO - KrÛlewska - Bora-Komorowskiego - Krzywoustego - Br¸cknera - Kochanowskiego - pl. Grunwaldzki - rondo Reagana - Sk≥odowskiej-Curie - WyszyÒskiego - Sienkiewicza - pl. Bema - Bema - Poniatowskiego - Jednoúci Narodowej - Rychtalska - S≥onimskiego - Zak≥adowa - Broniewskiego - Obornicka - Pe≥czyÒska - Cynamonowa - Kminkowa - KMINKOWA|KMINKOWA - Cynamonowa - Pe≥czyÒska - Obornicka - Broniewskiego - Ømigrodzka - Zak≥adowa - Rychtalska - Jednoúci Narodowej - Poniatowskiego - Sienkiewicza - WyszyÒskiego - Szczytnicka - rondo Reagana - pl. Grunwaldzki - Kochanowskiego - Br¸cknera - Krzywoustego - Bora-Komorowskiego - KrÛlewska - OSIEDLE SOBIESKIEGO;1;2022-11-17 13:37:13.724863+00:00
112;112;KRZYKI - Karkonoska - WaligÛrskiego - Wojszycka - O≥taszyÒska - Radosna - Chabrowa - Kutrzeby - Parafialna - Grota-Roweckiego - Borowska - Peronowa - DWORZEC G£”WNY|DWORZEC G£”WNY - ålÍøna - Gliniana - Borowska - Grota-Roweckiego - Parafialna - Kutrzeby - Chabrowa - Radosna - O≥taszyÒska - Wojszycka - WaligÛrskiego - Karkonoska - KRZYKI;1;2022-11-17 13:37:13.724863+00:00
113;113;KRZYKI - ZwyciÍska - Strachowskiego - KurpiÛw - Grota-Roweckiego - Borowska - Peronowa - DWORZEC G£”WNY|DWORZEC G£”WNY - ålÍøna - Gliniana - Borowska - Grota-Roweckiego - KurpiÛw - Strachowskiego - ZwyciÍska - Karkonoska - KRZYKI;1;2022-11-17 13:37:13.724863+00:00
114;114;GALERIA DOMINIKA—SKA - S≥owackiego - Podwale - Koúciuszki - Krakowska - KarwiÒska - Moúcickiego - Semaforowa - Centralna - ChiÒska - Moúcickiego - Ziemniaczana - BIE—KOWICE|BIE—KOWICE - Moúcickiego - ChiÒska - Moúcickiego - Krakowska - Koúciuszki - Komuny Paryskiej - Podwale - S≥owackiego - GALERIA DOMINIKA—SKA;1;2022-11-17 13:37:13.724863+00:00
115;115;WOJN”W (P TLA) - StrachociÒska - Swojczycka - Mickiewicza - Sk≥odowskiej-Curie - rondo Reagana - Sk≥odowskiej-Curie - REJA|PL. GRUNWALDZKI - rondo Reagana - Sk≥odowskiej-Curie - Mickiewicza - Swojczycka - StrachociÒska - WOJN”W (P TLA);1;2022-11-17 13:37:13.724863+00:00
116;116 ;SO£TYSOWICE - Redycka - So≥tysowicka - Koszarowa - Kasprowicza - Boya-ØeleÒskiego - ToruÒska - Br¸cknera - Kochanowskiego - Norwida - pl. Grunwaldzki - PL. GRUNWALDZKI|PL. GRUNWALDZKI - Kochanowskiego - ToruÒska - Boya-ØeleÒskiego - Kasprowicza - Czajkowskiego - So≥tysowicka - Redycka - SO£TYSOWICE;1;2022-11-17 13:37:13.724863+00:00
117;117;RATY— - Gromadzka - Szkolna - Miodowa - Trzmielowicka - Rubczaka - P≥oÒskiego - LEåNICA|LEåNICA - Rubczaka - Trzmielowicka - Miodowa - Szkolna - Gromadzka - RATY—;1;2022-11-17 13:37:13.724863+00:00
118;118;S POLNO - Mickiewicza - Swojczycka - Mi≥oszycka - Kowalska - Krzywoustego - Br¸cknera - ToruÒska - Boya-ØeleÒskiego - Berenta - Kasprowicza - Broniewskiego - Obornicka - Bezpieczna - £uøycka - Osobowicka - WÍdkarzy - R DZIN|R DZIN - Osobowicka - £uøycka - Bezpieczna - Obornicka - Broniewskiego - Kasprowicza - Berenta - ToruÒska - Br¸cknera - Kowalska - Mi≥oszycka - Swojczycka - Mickiewicza - S POLNO;1;2022-11-17 13:37:13.724863+00:00
119;119;BLACHARSKA - Blacharska - Lakiernicza - Ojca Beyzyma - Hallera - Ostrowskiego - Krzemieniecka - Stanis≥awowska - MiÒska - Strzegomska - Muchoborska - KleciÒska - Na Ostatnim Groszu - Legnicka - Popowicka - Milenijna - most Milenijny - Osobowicka - £uøycka - Bezpieczna - Obornicka - Broniewskiego - Kasprowicza - Czajkowskiego - So≥tysowicka - Redycka - SO£TYSOWICE|SO£TYSOWICE - So≥tysowicka - Koszarowa - Kasprowicza - Broniewskiego - Obornicka - Bezpieczna - £uøycka - Osobowicka - most Milenijny - Milenijna - Wejherowska - Legnicka - Na Ostatnim Groszu - Estakada - Strzegomska - MiÒska - Stanis≥awowska - Krzemieniecka - Petuniowa - Hallera - Ojca Beyzyma - Lakiernicza - Blacharska - BLACHARSKA;1;2022-11-17 13:37:13.724863+00:00
120;120;TRESTNO (P TLA) - NadodrzaÒska - Opatowicka - MiÍdzyrzecka - Na Niskich £πkach - Koúciuszki - Komuny Paryskiej - Podwale - S≥owackiego - GALERIA DOMINIKA—SKA|GALERIA DOMINIKA—SKA - Podwale - Koúciuszki - Na Niskich £πkach - MiÍdzyrzecka - Opatowicka - NadodrzaÒska - TRESTNO (P TLA);1;2022-11-17 13:37:13.724863+00:00
121;121;KIE£CZOWSKA (CMENTARZ) - Kie≥czowska - Ømudzka - Litewska - Gorlicka - ks. Mariana Stanety - Krzywoustego - Br¸cknera - Kochanowskiego - pl. Grunwaldzki - rondo Reagana - Sk≥odowskiej-Curie - REJA|PL. GRUNWALDZKI - rondo Reagana - pl. Grunwaldzki - Kochanowskiego - Br¸cknera - Krzywoustego - ks. Mariana Stanety - Gorlicka - Litewska - Ømudzka - Kie≥czowska - KIE£CZOWSKA (CMENTARZ);1;2022-11-17 13:37:13.724863+00:00
122;122;NOWY DW”R - GubiÒska - Chociebuska - Hermanowska - KoszaliÒska - Bystrzycka - Balonowa - Horbaczewskiego - Na Ostatnim Groszu - Legnicka - Popowicka - Starogroblowa - D≥uga - PoznaÒska - Zachodnia - Rybacka - Legnicka - Pi≥sudskiego - ZieliÒskiego - Swobodna - Sucha - DWORZEC AUTOBUSOWY|DWORZEC AUTOBUSOWY - Swobodna - ZieliÒskiego - Pi≥sudskiego - Legnicka - Zachodnia - PoznaÒska - D≥uga - Starogroblowa - Popowicka - Wejherowska - Legnicka - OrliÒskiego - Horbaczewskiego - Balonowa - Bystrzycka - Hermanowska - Strzegomska - GubiÒska - NOWY DW”R;1;2022-11-17 13:37:13.724863+00:00
123;123;METALOWC”W - Lotnicza - GÛrnicza - Pilczycka - KrÛlewiecka - Maúlicka - G≥Ûwna - Marszowicka - Trzmielowicka - Rubczaka - P≥oÒskiego - LEåNICA|LEåNICA - Rubczaka - Trzmielowicka - Marszowicka - G≥Ûwna - Maúlicka - KrÛlewiecka - Pilczycka - Hutnicza - Lotnicza - METALOWC”W;1;2022-11-17 13:37:13.724863+00:00
124;124;NOWY DW”R (P TLA) - Zemska - Rogowska - Strzegomska - KleciÒska - GrabiszyÒska - Stalowa - Grochowa - Zaporoska - Kamienna - Bardzka - Armii Krajowej - Tarnogajska - Gazowa - Opolska - Tyska - KSI ØE WIELKIE|KSI ØE WIELKIE - Opolska - KarwiÒska - Gazowa - Tarnogajska - Armii Krajowej - Bardzka - Kamienna - Zaporoska - Grochowa - GrabiszyÒska - KleciÒska - Strzegomska - Rogowska - Zemska - NOWY DW”R (P TLA);1;2022-11-17 13:37:13.724863+00:00
125;125;BROCH”W - ChiÒska - Moúcickiego - Gazowa - Tarnogajska - Armii Krajowej - Bardzka - Hubska - Sucha - Komandorska - Wielka - Krucza - Inøynierska - Hallera - GrabiszyÒska - Solskiego - Mokronoska - TYNIECKA (P TLA)|TYNIECKA (P TLA) - Wiejska - Solskiego - GrabiszyÒska - Hallera - Aleja Pracy - Inøynierska - Krucza - Wielka - Komandorska - Sucha - Hubska - Bardzka - Armii Krajowej - Tarnogajska - Gazowa - Moúcickiego - Semaforowa - Centralna - ChiÒska - BROCH”W;1;2022-11-17 13:37:13.724863+00:00
126;126;WOJSZYCKA - Wojszycka - WaligÛrskiego - Krzycka - Sowia - SkarbowcÛw - Rac≥awicka - Gajowicka - Hallera - PowstaÒcÛw ålπskich - Zaporoska - GrabiszyÒska - KleciÒska - Strzegomska - Chociebuska - Hermanowska - KoszaliÒska - Bystrzycka - Bajana - Lotnicza - Kozanowska - KOZAN”W|KOZAN”W - Lotnicza - Bajana - Bystrzycka - Hermanowska - GubiÒska - Strzegomska - KleciÒska - GrabiszyÒska - Zaporoska - PowstaÒcÛw ålπskich - Rac≥awicka - SkarbowcÛw - Sowia - Karkonoska - WaligÛrskiego - Wojszycka - WOJSZYCKA;1;2022-11-17 13:37:13.724863+00:00
127;127;ZWYCI SKA - ZwyciÍska - O≥taszyÒska - Wojszycka - ålÍøna - Wiúniowa - Hallera - Gajowicka - Zaporoska - TÍczowa - Legnicka - Zachodnia - PoznaÒska - D≥uga - Starogroblowa - Popowicka - Kozanowska - Dokerska - Pilczycka - Maúlicka - KOZIA|KOZIA - Pilczycka - Gwarecka - Dokerska - Kozanowska - Popowicka - Starogroblowa - D≥uga - PoznaÒska - Zachodnia - Rybacka - Legnicka - TÍczowa - Zaporoska - Gajowicka - Wiúniowa - ålÍøna - Wojszycka - O≥taszyÒska - ZwyciÍska - ZWYCI SKA;1;2022-11-17 13:37:13.724863+00:00
128;128 ;PILCZYCE - Lotnicza - MetalowcÛw - Bystrzycka - Balonowa - Horbaczewskiego - Na Ostatnim Groszu - Legnicka - Popowicka - Starogroblowa - D≥uga - mosty MieszczaÒskie - Dubois - Drobnera - Sienkiewicza - WyszyÒskiego - Aleja Kromera - Krzywoustego - Bora-Komorowskiego - Okulickiego - ZAKRZ”W|ZAKRZ”W - Bora-Komorowskiego - Krzywoustego - Aleja Kromera - WyszyÒskiego - Sienkiewicza - Drobnera - Dubois - Dmowskiego - D≥uga - Starogroblowa - Popowicka - Wejherowska - Legnicka - OrliÒskiego - Horbaczewskiego - Balonowa - Bystrzycka - MetalowcÛw - Lotnicza - PILCZYCE;1;2022-11-17 13:37:13.724863+00:00
129;129;PORT LOTNICZY - Graniczna - BrzeziÒskiego - Kaczorowskiego - Pio≥unowa - Jerzmanowska - Øernicka - Ko≥obrzeska - KoszaliÒska - Bystrzycka - Balonowa - Horbaczewskiego - Na Ostatnim Groszu - Legnicka - Popowicka - Milenijna - most Milenijny - Osobowicka - Broniewskiego - Ømigrodzka - PoúwiÍcka - POåWI CKA (OåRODEK ZDROWIA)|POåWI CKA (OåRODEK ZDROWIA) - KukliÒskiego - Ømigrodzka - Broniewskiego - Ba≥tycka - Osobowicka - most Milenijny - Milenijna - Wejherowska - Legnicka - OrliÒskiego - Horbaczewskiego - Balonowa - Bystrzycka - Hermanowska - Ko≥obrzeska - Øernicka - Jerzmanowska - Pio≥unowa - Kaczorowskiego - BrzeziÒskiego - Graniczna - PORT LOTNICZY;1;2022-11-17 13:37:13.724863+00:00
130;130;OSIEDLE SOBIESKIEGO - KrÛlewska - Bora-Komorowskiego - Krzywoustego - Aleja Kromera - Boya-ØeleÒskiego - Berenta - Kasprowicza - Ømigrodzka - KamieÒskiego - POLANOWICE|POLANOWICE - Ømigrodzka - Kasprowicza - Berenta - Aleja Kromera - Krzywoustego - Bora-Komorowskiego - KrÛlewska - OSIEDLE SOBIESKIEGO;1;2022-11-17 13:37:13.724863+00:00
131;131;LITEWSKA - Litewska - Ømudzka - Kie≥czowska - Krzywoustego - Br¸cknera - Kochanowskiego - pl. Grunwaldzki - rondo Reagana - Sk≥odowskiej-Curie - REJA|PL. GRUNWALDZKI - rondo Reagana - pl. Grunwaldzki - Kochanowskiego - Br¸cknera - Krzywoustego - Kie≥czowska - Ømudzka - Litewska - LITEWSKA;1;2022-11-17 13:37:13.724863+00:00
132;132;OPOR”W - GrabiszyÒska - Solskiego - Ibn Siny Awicenny - Stanis≥awowska - MiÒska - Strzegomska - OtyÒska - Fabryczna - årubowa - Legnicka - Kazimierza Wielkiego - Drobnera - Chrobrego - pl. PowstaÒcÛw Wielkopolskich - Trzebnicka - Kasprowicza - Berenta - Aleja Kromera - KROMERA|KROMERA - Boya-ØeleÒskiego - Berenta - Kasprowicza - Ømigrodzka - Trzebnicka - pl. PowstaÒcÛw Wielkopolskich - Chrobrego - Drobnera - Nowy åwiat - Legnicka - Strzegomska - TAT - Fabryczna - Strzegomska - MiÒska - Stanis≥awowska - Ibn Siny Awicenny - Wiejska - Solskiego - GrabiszyÒska - OPOR”W;1;2022-11-17 13:37:13.724863+00:00
133;133;BROCH”W - ChiÒska - Centralna - Konduktorska - Buforowa - Bardzka - Armii Krajowej - Borowska - Kamienna - PowstaÒcÛw ålπskich - Rac≥awicka - SkarbowcÛw - Sowia - Krzycka - Wa≥brzyska - Czekoladowa - Francuska - ROD BIELANY|ROD BIELANY - Czekoladowa - Wa≥brzyska - Krzycka - Sowia - SkarbowcÛw - Rac≥awicka - Gajowicka - Hallera - PowstaÒcÛw ålπskich - Kamienna - Borowska - Armii Krajowej - Bardzka - Buforowa - Konduktorska - Centralna - ChiÒska - BROCH”W;1;2022-11-17 13:37:13.724863+00:00
134;134;NOWY DW”R (P TLA) - Zemska - Rogowska - Strzegomska - KleciÒska - GrabiszyÒska - Stalowa - Grochowa - Zaporoska - Kamienna - Bardzka - Armii Krajowej - Krakowska - Opolska - Tyska - KSI ØE WIELKIE|KSI ØE WIELKIE - Opolska - Krakowska - Armii Krajowej - Bardzka - Kamienna - Zaporoska - Grochowa - GrabiszyÒska - KleciÒska - Strzegomska - Rogowska - Zemska - NOWY DW”R (P TLA);1;2022-11-17 13:37:13.724863+00:00
136;136;TARNOGAJ - Tarnogajska - Gazowa - åwieradowska - Borowska - Armii Krajowej - Wiúniowa - Hallera - KleciÒska - Na Ostatnim Groszu - OrliÒskiego - Horbaczewskiego - Balonowa - Bajana - GÛrnicza - Gwarecka - Dokerska - Kozanowska - KOZAN”W|KOZAN”W - Dokerska - Pilczycka - Hutnicza - Bajana - Bystrzycka - Balonowa - Horbaczewskiego - Na Ostatnim Groszu - Estakada - KleciÒska - Hallera - Wiúniowa - Armii Krajowej - Borowska - åwieradowska - Morwowa - Gazowa - TARNOGAJ;1;2022-11-17 13:37:13.724863+00:00
137;137;LAS MOKRZA—SKI - WiÒska - Dolnobrzeska - Trzmielowicka - Rubczaka - P≥oÒskiego - LEåNICA|LEåNICA - Rubczaka - Trzmielowicka - Dolnobrzeska - WiÒska - LAS MOKRZA—SKI;1;2022-11-17 13:37:13.724863+00:00
138;138;ØAR - åredzka - MokrzaÒska - KrÍpicka - Dolnobrzeska - Trzmielowicka - Rubczaka - P≥oÒskiego - LEåNICA|LEåNICA - Rubczaka - Trzmielowicka - Dolnobrzeska - KrÍpicka - MokrzaÒska - åredzka - ØAR;1;2022-11-17 13:37:13.724863+00:00
140;140;åLAZOWA - ålazowa - Lipska - Osobowicka - most Milenijny - Milenijna - Wejherowska - Legnicka - KWISKA|KWISKA - Milenijna - most Milenijny - Osobowicka - Lipska - ålazowa - åLAZOWA;1;2022-11-17 13:37:13.724863+00:00
142;142;KUèNIKI - Ko≥obrzeska - Hermanowska - Rogowska - Strzegomska - OtyÒska - Fabryczna - årubowa - Legnicka - Kazimierza Wielkiego - Pomorska - Dubois - Kurkowa - Reymonta - Osobowicka - £uøycka - Bezpieczna - Obornicka - Broniewskiego - Ømigrodzka - KAR£OWICE|KAR£OWICE - Broniewskiego - Obornicka - Bezpieczna - £uøycka - Osobowicka - Reymonta - Kurkowa - Dubois - Drobnera - Nowy åwiat - Legnicka - Strzegomska - TAT - Fabryczna - Strzegomska - Rogowska - Zemska - Rogowska - Hermanowska - KUèNIKI;1;2022-11-17 13:37:13.724863+00:00
143;143;KMINKOWA - Kminkowa - Cynamonowa - Pe≥czyÒska - Obornicka - Nowaka-JezioraÒskiego - most Milenijny - Milenijna - Wejherowska - Legnicka - Na Ostatnim Groszu - Estakada - KleciÒska - GrabiszyÒska - Solskiego - Aleja PiastÛw - Rac≥awicka - Gajowicka - Hallera - PowstaÒcÛw ålπskich - Kamienna - Borowska - åwieradowska - Morwowa - Gazowa - TARNOGAJ|TARNOGAJ - Tarnogajska - Gazowa - åwieradowska - Borowska - Kamienna - PowstaÒcÛw ålπskich - Rac≥awicka - Aleja PiastÛw - Solskiego - GrabiszyÒska - KleciÒska - Na Ostatnim Groszu - Legnicka - Popowicka - Milenijna - most Milenijny - Obornicka - Pe≥czyÒska - Cynamonowa - Kminkowa - KMINKOWA;1;2022-11-17 13:37:13.724863+00:00
144;144;ZWYCI SKA - ZwyciÍska - O≥taszyÒska - Wojszycka - Sudecka - Wiúniowa - Hallera - Gajowicka - SzczÍúliwa - ZieliÒskiego - Pi≥sudskiego - Podwale - mosty MieszczaÒskie - Dubois - Drobnera - Chrobrego - pl. PowstaÒcÛw Wielkopolskich - Trzebnicka - Ømigrodzka - KamieÒskiego - POLANOWICE|POLANOWICE - Ømigrodzka - Trzebnicka - pl. PowstaÒcÛw Wielkopolskich - Chrobrego - Dubois - Mostowa - Podwale - Pi≥sudskiego - ZieliÒskiego - Gajowicka - Wiúniowa - Sudecka - Wojszycka - O≥taszyÒska - ZwyciÍska - ZWYCI SKA;1;2022-11-17 13:37:13.724863+00:00
145;145;S POLNO - Mickiewicza - Monte Cassino - Dembowskiego - WrÛblewskiego - Wajdy - Sk≥odowskiej-Curie - rondo Reagana - pl. Grunwaldzki - O≥awska - Podwale - Dworcowa - Peronowa - ålÍøna - Gliniana - Borowska - åwieradowska - Bardzka - Buforowa - StrzeliÒska - IWINY - RONDO|IWINY - RONDO - Buforowa - Bardzka - åwieradowska - Borowska - Peronowa - Koúciuszki - KrasiÒskiego - pl. PowstaÒcÛw Warszawy - pl. Grunwaldzki - rondo Reagana - Sk≥odowskiej-Curie - WrÛblewskiego - Dembowskiego - Monte Cassino - Mickiewicza - S POLNO;1;2022-11-17 13:37:13.724863+00:00
146;146;BARTOSZOWICE - Bacciarellego - Dembowskiego - WrÛblewskiego - Wajdy - Sk≥odowskiej-Curie - rondo Reagana - pl. Grunwaldzki - O≥awska - Podwale - Dworcowa - Peronowa - ålÍøna - Gliniana - Borowska - Armii Krajowej - Bardzka - åwieradowska - GAJ - P TLA|GAJ - P TLA - Bardzka - Armii Krajowej - Borowska - Peronowa - Koúciuszki - KrasiÒskiego - pl. PowstaÒcÛw Warszawy - pl. Grunwaldzki - rondo Reagana - Sk≥odowskiej-Curie - WrÛblewskiego - Dembowskiego - Bacciarellego - BARTOSZOWICE;1;2022-11-17 13:37:13.724863+00:00
147;147;K£OKOCZYCE - K≥okoczycka - Zakrzowska - Krzywoustego - Gorlicka - ks. Mariana Stanety - MULICKA|MULICKA - Bora-Komorowskiego - Zakrzowska - K≥okoczycka - K£OKOCZYCE;1;2022-11-17 13:37:13.724863+00:00
148;148;LEåNICA - P≥oÒskiego - Trzmielowicka - åredzka - KosmonautÛw - Z≥otnicka - Ma≥opolska - Halicka - Øernicka - GubiÒska - Strzegomska - OtyÒska - Fabryczna - TAT - Podwale - Dworcowa - DWORZEC G£”WNY (DWORCOWA)|DWORZEC G£”WNY (DWORCOWA) - Podwale - TAT - Fabryczna - Strzegomska - Chociebuska - Rogowska - Øernicka - Ma≥opolska - Wielkopolska - Z≥otnicka - KosmonautÛw - P≥oÒskiego - LEåNICA;1;2022-11-17 13:37:13.724863+00:00
149;149;KUèNIKI - Ko≥obrzeska - Hermanowska - Ko≥obrzeska - Øernicka - Rogowska - Strzegomska - OtyÒska - Fabryczna - TAT - Podwale - Koúciuszki - KrasiÒskiego - pl. PowstaÒcÛw Warszawy - pl. Grunwaldzki - rondo Reagana - pl. Grunwaldzki - PL. GRUNWALDZKI|PL. GRUNWALDZKI - rondo Reagana - pl. Grunwaldzki - O≥awska - Podwale - TAT - Fabryczna - Strzegomska - Rogowska - Zemska - Øernicka - Ko≥obrzeska - KUèNIKI;1;2022-11-17 13:37:13.724863+00:00
150;150;LITEWSKA - Litewska - Ømudzka - Kie≥czowska - Gorlicka - ks. Mariana Stanety - Bierutowska - KrÛlewska - OSIEDLE SOBIESKIEGO|OSIEDLE SOBIESKIEGO - Dobroszycka - Bierutowska - ks. Mariana Stanety - Gorlicka - Litewska - Kie≥czowska - Ømudzka - Litewska - LITEWSKA;1;2022-11-17 13:37:13.724863+00:00
151;151 ;PAW£OWICE (WIDAWSKA) - Widawska - Paw≥owicka - Przedwioúnie - StarodÍbowa - Azaliowa - Bora-Komorowskiego - Krzywoustego - Br¸cknera - Kochanowskiego - pl. Grunwaldzki - rondo Reagana - Sk≥odowskiej-Curie - REJA|PL. GRUNWALDZKI - rondo Reagana - pl. Grunwaldzki - Kochanowskiego - Br¸cknera - Krzywoustego - Bora-Komorowskiego - Przedwioúnie - StarodÍbowa - Paw≥owicka - Widawska - PAW£OWICE (WIDAWSKA);1;2022-11-17 13:37:13.724863+00:00
206;206;PORT LOTNICZY - Graniczna - Strzegomska - OtyÒska - Fabryczna - TAT - Podwale - Ko≥≥πtaja - Peronowa - Sucha - DWORZEC AUTOBUSOWY|DWORZEC AUTOBUSOWY - Peronowa - åwidnicka - Podwale - TAT - Fabryczna - Strzegomska - Graniczna - PORT LOTNICZY;1;2022-11-17 13:37:13.724863+00:00
240;240;DWORZEC AUTOBUSOWY - Sucha - Swobodna - åwidnicka - Pi≥sudskiego - Podwale - mosty MieszczaÒskie - Dubois - Drobnera - Chrobrego - pl. PowstaÒcÛw Wielkopolskich - S≥owiaÒska - Jednoúci Narodowej - Nowowiejska - Piastowska - rondo Reagana - pl. Grunwaldzki - pl. PowstaÒcÛw Warszawy - Pu≥askiego - Peronowa - Sucha - DWORZEC AUTOBUSOWY;1;2022-11-17 13:37:13.724863+00:00
241;241;NOWY DW”R (P TLA) - Zemska - GubiÒska - Strzegomska - MiÒska - Stanis≥awowska - Krzemieniecka - Petuniowa - Hallera - Aleja Pracy - Inøynierska - Krucza - Gajowicka - SzczÍúliwa - ZieliÒskiego - Swobodna - Sucha - Gliniana - Petrusewicza - Borowska - Peronowa - Ko≥≥πtaja - O≥awska - pl. PowstaÒcÛw Warszawy - pl. Grunwaldzki - rondo Reagana - pl. Grunwaldzki - Kochanowskiego - Br¸cknera - Krzywoustego - Bora-Komorowskiego - KrÛlewska - Przedwioúnie - StarodÍbowa - Paw≥owicka - Widawska - PAW£OWICE (WIDAWSKA)|PAW£OWICE (WIDAWSKA) - Paw≥owicka - Azaliowa - Okulickiego - Bora-Komorowskiego - KrÛlewska - Bora-Komorowskiego - Krzywoustego - Br¸cknera - Kochanowskiego - pl. Grunwaldzki - rondo Reagana - pl. Grunwaldzki - O≥awska - Piotra Skargi - Ko≥≥πtaja - Peronowa - ålÍøna - Gliniana - Petrusewicza - Sucha - Swobodna - ZieliÒskiego - Gajowicka - Krucza - Inøynierska - Hallera - Ostrowskiego - Krzemieniecka - Stanis≥awowska - MiÒska - Strzegomska - GubiÒska - Chociebuska - Rogowska - Zemska - NOWY DW”R (P TLA);1;2022-11-17 13:37:13.724863+00:00
242;242;KOWALE - KwidzyÒska - Dzia≥dowska - Kowalska - Krzywoustego - Aleja Kromera - Jednoúci Narodowej - Poniatowskiego - pl. Bema - Piaskowa - Piotra Skargi - Ko≥≥πtaja - Peronowa - ålÍøna - Gliniana - Petrusewicza - PETRUSEWICZA|PETRUSEWICZA - Borowska - Peronowa - Ko≥≥πtaja - åw. Katarzyny - Piaskowa - pl. Bema - Bema - Poniatowskiego - Jednoúci Narodowej - WyszyÒskiego - Aleja Kromera - Krzywoustego - Kowalska - Dzia≥dowska - KwidzyÒska - KOWALE;1;2022-11-17 13:37:13.724863+00:00
243;243;KSI ØE WIELKIE - Tyska - Opolska - Krakowska - Traugutta - Pu≥askiego - Piotra Skargi - Ko≥≥πtaja - Peronowa - ålÍøna - Gliniana - Petrusewicza - Sucha - Swobodna - åwidnicka - Kazimierza Wielkiego - Legnicka - OrliÒskiego - Horbaczewskiego - Balonowa - Bajana - Lotnicza - KosmonautÛw - Fieldorfa - Wojanowska - JeleniogÛrska - åredzka - Trzmielowicka - P≥oÒskiego - LEåNICA|LEåNICA - JeleniogÛrska - Wojanowska - Fieldorfa - KosmonautÛw - Lotnicza - Bajana - Bystrzycka - Balonowa - Horbaczewskiego - Na Ostatnim Groszu - Legnicka - Kazimierza Wielkiego - Krupnicza - Podwale - åwidnicka - Swobodna - Sucha - Gliniana - Petrusewicza - Borowska - Peronowa - Ko≥≥πtaja - O≥awska - Traugutta - Krakowska - Opolska - Tyska - KSI ØE WIELKIE;1;2022-11-17 13:37:13.724863+00:00
244;244;KMINKOWA - Kminkowa - Cynamonowa - Pe≥czyÒska - Obornicka - Broniewskiego - Ømigrodzka - Zak≥adowa - Rychtalska - Jednoúci Narodowej - Poniatowskiego - pl. Bema - Piaskowa - Piotra Skargi - Ko≥≥πtaja - Peronowa - ålÍøna - Gliniana - Petrusewicza - PETRUSEWICZA|PETRUSEWICZA - Borowska - Peronowa - Ko≥≥πtaja - åw. Katarzyny - Piaskowa - pl. Bema - Bema - Poniatowskiego - Jednoúci Narodowej - Rychtalska - S≥onimskiego - Zak≥adowa - Broniewskiego - Obornicka - Pe≥czyÒska - Cynamonowa - Kminkowa - KMINKOWA;1;2022-11-17 13:37:13.724863+00:00
245;245;PRACZE ODRZA—SKIE - Brodzka - Stab≥owicka - G≥Ûwna - Maúlicka - Pilczycka - Gwarecka - Dokerska - Kozanowska - Popowicka - Starogroblowa - D≥uga - PoznaÒska - Zachodnia - Rybacka - Legnicka - Kazimierza Wielkiego - Piotra Skargi - Ko≥≥πtaja - Peronowa - ålÍøna - Gliniana - Borowska - Petrusewicza - Gliniana - Hubska - Bardzka - Armii Krajowej - Tarnogajska - Gazowa - Moúcickiego - Semaforowa - Centralna - ChiÒska - Moúcickiego - Ziemniaczana - BIE—KOWICE|BIE—KOWICE - Moúcickiego - ChiÒska - Moúcickiego - Gazowa - Tarnogajska - Armii Krajowej - Bardzka - Hubska - Gliniana - Petrusewicza - Borowska - Peronowa - Ko≥≥πtaja - Kazimierza Wielkiego - Legnicka - Zachodnia - PoznaÒska - D≥uga - Starogroblowa - Popowicka - Kozanowska - Dokerska - Pilczycka - Maúlicka - G≥Ûwna - Stab≥owicka - Brodzka - PRACZE ODRZA—SKIE;1;2022-11-17 13:37:13.724863+00:00
246;246;KOZAN”W - Kozanowska - Dokerska - Pilczycka - Hutnicza - Bajana - Bystrzycka - Hermanowska - GubiÒska - Strzegomska - KleciÒska - GrabiszyÒska - Pi≥sudskiego - åwidnicka - Swobodna - Sucha - Gliniana - Petrusewicza - Borowska - Peronowa - Ko≥≥πtaja - O≥awska - pl. PowstaÒcÛw Warszawy - WyszyÒskiego - Boya-ØeleÒskiego - Kasprowicza - Czajkowskiego - So≥tysowicka - Redycka - SO£TYSOWICE|SO£TYSOWICE - So≥tysowicka - Koszarowa - Kasprowicza - Boya-ØeleÒskiego - Aleja Kromera - WyszyÒskiego - pl. PowstaÒcÛw Warszawy - O≥awska - Piotra Skargi - Ko≥≥πtaja - Peronowa - ålÍøna - Gliniana - Petrusewicza - Sucha - Swobodna - åwidnicka - GrabiszyÒska - KleciÒska - Strzegomska - GubiÒska - Chociebuska - Hermanowska - KoszaliÒska - Bystrzycka - Bajana - Lotnicza - GÛrnicza - Gwarecka - Dokerska - Kozanowska - KOZAN”W;1;2022-11-17 13:37:13.724863+00:00
247;247;GIE£DOWA (CENTRUM HURTU) - Gie≥dowa - Karmelkowa - Wa≥brzyska - Przyjaüni - Karkonoska - PowstaÒcÛw ålπskich - Swobodna - Sucha - Gliniana - Petrusewicza - Borowska - Peronowa - åwidnicka - Kazimierza Wielkiego - Drobnera - Chrobrego - pl. PowstaÒcÛw Wielkopolskich - Trzebnicka - Ømigrodzka - KamieÒskiego - POLANOWICE|POLANOWICE - Ømigrodzka - Trzebnicka - pl. PowstaÒcÛw Wielkopolskich - Chrobrego - Drobnera - Grodzka - Nowy åwiat - Kazimierza Wielkiego - Krupnicza - Podwale - Ko≥≥πtaja - Peronowa - ålÍøna - Gliniana - Petrusewicza - Sucha - Swobodna - PowstaÒcÛw ålπskich - Karkonoska - Letnia - Krzycka - Wa≥brzyska - Karmelkowa - Gie≥dowa - GIE£DOWA (CENTRUM HURTU);1;2022-11-17 13:37:13.724863+00:00
248;248;RAC£AWICKA - Rac≥awicka - SkarbowcÛw - Sowia - PowstaÒcÛw ålπskich - Swobodna - Sucha - Gliniana - Petrusewicza - Borowska - Peronowa - åwidnicka - Kazimierza Wielkiego - Drobnera - Chrobrego - pl. PowstaÒcÛw Wielkopolskich - Trzebnicka - Ømigrodzka - PoúwiÍcka - POåWI CKA (OåRODEK ZDROWIA)|POåWI CKA (OåRODEK ZDROWIA) - KukliÒskiego - Ømigrodzka - Trzebnicka - pl. PowstaÒcÛw Wielkopolskich - Chrobrego - Drobnera - Grodzka - Nowy åwiat - Kazimierza Wielkiego - Krupnicza - Podwale - Ko≥≥πtaja - Peronowa - ålÍøna - Gliniana - Petrusewicza - Sucha - Swobodna - PowstaÒcÛw ålπskich - Krzycka - Sowia - SkarbowcÛw - Rac≥awicka - RAC£AWICKA;1;2022-11-17 13:37:13.724863+00:00
249;249;JARNO£T”W - Jarno≥towska - Jerzmanowska - Øernicka - Rogowska - Strzegomska - OtyÒska - Fabryczna - TAT - Podwale - Ko≥≥πtaja - Peronowa - ålÍøna - Gliniana - Petrusewicza - Borowska - Grota-Roweckiego - KurpiÛw - Strachowskiego - ZwyciÍska - Karkonoska - Wyúcigowa - WaligÛrskiego - Karkonoska - KRZYKI|KRZYKI - WaligÛrskiego - Wyúcigowa - ZwyciÍska - Strachowskiego - KurpiÛw - Grota-Roweckiego - Borowska - Petrusewicza - Borowska - Peronowa - åwidnicka - Podwale - TAT - Fabryczna - Strzegomska - Rogowska - Zemska - Øernicka - Jerzmanowska - Jarno≥towska - JARNO£T”W|KRZYKI - Karkonoska - WaligÛrskiego - Wyúcigowa - ZwyciÍska - Strachowskiego - KurpiÛw - Grota-Roweckiego - Borowska - Petrusewicza - Borowska - Peronowa - åwidnicka - Podwale - TAT - Fabryczna - Strzegomska - Rogowska - Zemska - Øernicka - Jerzmanowska - Jarno≥towska - JARNO£T”W;1;2022-11-17 13:37:13.724863+00:00
250;250;DWORZEC G£”WNY - Peronowa - Pu≥askiego - pl. PowstaÒcÛw Warszawy - Piastowska - Nowowiejska - Jednoúci Narodowej - S≥owiaÒska - pl. PowstaÒcÛw Wielkopolskich - Chrobrego - Dubois - Mostowa - Podwale - Pi≥sudskiego - åwidnicka - Swobodna - Peronowa - DWORZEC G£”WNY;1;2022-11-17 13:37:13.724863+00:00
251;251;KRZYKI - Karkonoska - Sowia - SkarbowcÛw - Rac≥awicka - Aleja PiastÛw - Solskiego - GrabiszyÒska - Pi≥sudskiego - åwidnicka - Swobodna - Sucha - Gliniana - Petrusewicza - Borowska - Peronowa - Ko≥≥πtaja - åw. Katarzyny - Piaskowa - pl. Bema - Bema - Poniatowskiego - Jednoúci Narodowej - WyszyÒskiego - Aleja Kromera - Krzywoustego - ks. Mariana Stanety - Gorlicka - Litewska - Kie≥czowska - Ømudzka - Litewska - LITEWSKA|LITEWSKA - Ømudzka - Kie≥czowska - Gorlicka - ks. Mariana Stanety - Krzywoustego - Aleja Kromera - Jednoúci Narodowej - Poniatowskiego - pl. Bema - Piaskowa - Piotra Skargi - Ko≥≥πtaja - Peronowa - ålÍøna - Gliniana - Borowska - Petrusewicza - Sucha - Swobodna - åwidnicka - GrabiszyÒska - Solskiego - Aleja PiastÛw - Rac≥awicka - SkarbowcÛw - Sowia - Karkonoska - KRZYKI;1;2022-11-17 13:37:13.724863+00:00
253;253;LEåNICA - P≥oÒskiego - KosmonautÛw - Z≥otnicka - Ma≥opolska - KamiennogÛrska - KosmonautÛw - Lotnicza - Legnicka - Kazimierza Wielkiego - Krupnicza - Podwale - åwidnicka - Swobodna - Sucha - Gliniana - Borowska - Petrusewicza - Borowska - Peronowa - Ko≥≥πtaja - O≥awska - pl. PowstaÒcÛw Warszawy - Szczytnicka - rondo Reagana - Sk≥odowskiej-Curie - WrÛblewskiego - Olszewskiego - Bacciarellego - Monte Cassino - Mickiewicza - S POLNO|S POLNO - Monte Cassino - Bacciarellego - Olszewskiego - WrÛblewskiego - Wajdy - Sk≥odowskiej-Curie - rondo Reagana - Sk≥odowskiej-Curie - WyszyÒskiego - pl. PowstaÒcÛw Warszawy - O≥awska - Piotra Skargi - Ko≥≥πtaja - Peronowa - ålÍøna - Gliniana - Borowska - Petrusewicza - Sucha - Swobodna - åwidnicka - Kazimierza Wielkiego - Legnicka - Lotnicza - KosmonautÛw - KamiennogÛrska - Ma≥opolska - Wielkopolska - Z≥otnicka - KosmonautÛw - åredzka - Trzmielowicka - P≥oÒskiego - LEåNICA;1;2022-11-17 13:37:13.724863+00:00
255;255;IWINY - RONDO - StrzeliÒska - Buforowa - Bardzka - åwieradowska - Borowska - ålÍøna - Petrusewicza - Borowska - Peronowa - Ko≥≥πtaja - O≥awska - pl. PowstaÒcÛw Warszawy - Szczytnicka - rondo Reagana - Sk≥odowskiej-Curie - WrÛblewskiego - Olszewskiego - SpÛ≥dzielcza - Monte Cassino - Mickiewicza - S POLNO|S POLNO - Monte Cassino - SpÛ≥dzielcza - Olszewskiego - WrÛblewskiego - Wajdy - Sk≥odowskiej-Curie - rondo Reagana - Sk≥odowskiej-Curie - WyszyÒskiego - pl. PowstaÒcÛw Warszawy - O≥awska - Piotra Skargi - Ko≥≥πtaja - Peronowa - ålÍøna - Gliniana - Petrusewicza - Borowska - åwieradowska - Bardzka - Buforowa - StrzeliÒska - IWINY - RONDO;1;2022-11-17 13:37:13.724863+00:00
257;257;OPOR”W - GrabiszyÒska - Hallera - PowstaÒcÛw ålπskich - Swobodna - Sucha - Gliniana - Petrusewicza - Borowska - Peronowa - åwidnicka - Kazimierza Wielkiego - Pomorska - Dubois - Kurkowa - Reymonta - Obornicka - Bezpieczna - £uøycka - Osobowicka - WÍdkarzy - R DZIN|R DZIN - Osobowicka - £uøycka - Bezpieczna - Obornicka - Ba≥tycka - Reymonta - Kurkowa - Dubois - Drobnera - Grodzka - Nowy åwiat - Kazimierza Wielkiego - Krupnicza - Podwale - Ko≥≥πtaja - Peronowa - ålÍøna - Gliniana - Petrusewicza - Sucha - Swobodna - PowstaÒcÛw ålπskich - Hallera - GrabiszyÒska - OPOR”W;1;2022-11-17 13:37:13.724863+00:00
259;259;WOJN”W (P TLA) - StrachociÒska - Swojczycka - Mickiewicza - Paderewskiego - Moniuszki - Kochanowskiego - Piastowska - Sienkiewicza - pl. Bema - Piaskowa - Piotra Skargi - Ko≥≥πtaja - Peronowa - ålÍøna - Gliniana - Borowska - Petrusewicza - ålÍøna - Wojszycka - O≥taszyÒska - ZwyciÍska - ZWYCI SKA|ZWYCI SKA - O≥taszyÒska - Wojszycka - ålÍøna - Petrusewicza - Borowska - Peronowa - Ko≥≥πtaja - åw. Katarzyny - Piaskowa - Sienkiewicza - pl. Grunwaldzki - Kochanowskiego - Moniuszki - Paderewskiego - Mickiewicza - Swojczycka - StrachociÒska - WOJN”W (P TLA);1;2022-11-17 13:37:13.724863+00:00
315;315;SWOJCZYCE - Swojczycka - Mickiewicza - Monte Cassino - Dembowskiego - WrÛblewskiego - Wajdy - Sk≥odowskiej-Curie - rondo Reagana - Sk≥odowskiej-Curie - REJA|PL. GRUNWALDZKI - rondo Reagana - Sk≥odowskiej-Curie - WrÛblewskiego - Dembowskiego - Monte Cassino - Mickiewicza - Swojczycka - Mi≥oszycka - Swojczycka - SWOJCZYCE;1;2022-11-17 13:37:13.724863+00:00
319;319;KLECINA (STACJA KOLEJOWA) - Kobierzycka - Wa≥brzyska - Karmelkowa - Solskiego - GrabiszyÒska - Ostrowskiego - Krzemieniecka - Stanis≥awowska - MiÒska - Strzegomska - Muchoborska - KleciÒska - Na Ostatnim Groszu - Legnicka - Popowicka - Milenijna - most Milenijny - Osobowicka - £uøycka - Bezpieczna - Obornicka - Ba≥tycka - KamieÒskiego - KAMIE—SKIEGO (P TLA)|KAMIE—SKIEGO (P TLA) - Ba≥tycka - Obornicka - Bezpieczna - £uøycka - Osobowicka - most Milenijny - Milenijna - Wejherowska - Legnicka - Na Ostatnim Groszu - Estakada - Strzegomska - MiÒska - Stanis≥awowska - Krzemieniecka - Ostrowskiego - GrabiszyÒska - Solskiego - Karmelkowa - Wa≥brzyska - Kobierzycka - KLECINA (STACJA KOLEJOWA);1;2022-11-17 13:37:13.724863+00:00
345;345;STADION OLIMPIJSKI - Paderewskiego - Mickiewicza - Monte Cassino - Bacciarellego - Olszewskiego - WrÛblewskiego - Wajdy - Parkowa - Kochanowskiego - Moniuszki - Paderewskiego - STADION OLIMPIJSKI;1;2022-11-17 13:37:13.724863+00:00
602;602;BISKUPICE PODG. LG ENERGY SOLUTION WR. I - LG - Seulska - WspÛ≥pracy - KoreaÒska - Karkonoska - PowstaÒcÛw ålπskich - Peronowa - Stawowa - DWORZEC G£”WNY (STAWOWA)|DWORZEC G£”WNY (STAWOWA) - PowstaÒcÛw ålπskich - Karkonoska - KoreaÒska - LG - Seulska - WspÛ≥pracy - LG - BISKUPICE PODG. LG ENERGY SOLUTION WR. I;1;2022-11-17 13:37:13.724863+00:00
607;607;KWISKA - Legnicka - KleciÒska - GrabiszyÒska - Solskiego - Czekoladowa - KoreaÒska - LG - Seulska - WspÛ≥pracy - LG - BISKUPICE PODG. LG ENERGY SOLUTION WR. I;1;2022-11-17 13:37:13.724863+00:00
612;612;KRZYKI - Karkonoska - WaligÛrskiego - Wyúcigowa - Karkonoska - Wroc≥awska - Kolejowa - Przystankowa - Pszenna - Chabrowa - Kutrzeby - Parafialna - Grota-Roweckiego - Borowska - Sucha - DWORZEC AUTOBUSOWY|SUCHA - ålÍøna - Gliniana - Borowska - Grota-Roweckiego - Parafialna - Kutrzeby - Chabrowa - Pszenna - Przystankowa - Kolejowa - Wroc≥awska - Karkonoska - Wyúcigowa - WaligÛrskiego - Karkonoska - KRZYKI;1;2022-11-17 13:37:13.724863+00:00
709;709;S POLNO - Mickiewicza - Paderewskiego - Moniuszki - Kochanowskiego - Piastowska - PIASTOWSKA|PIASTOWSKA - Sienkiewicza - Kochanowskiego - Moniuszki - Paderewskiego - Mickiewicza - S POLNO;1;2022-11-17 13:37:13.724863+00:00
714;714;DWORZEC NADODRZE - pl. PowstaÒcÛw Wielkopolskich - Reymonta - Osobowicka - KrotoszyÒska - OSOBOWICE|OSOBOWICE - Osobowicka - Reymonta - pl. PowstaÒcÛw Wielkopolskich - DWORZEC NADODRZE;1;2022-11-17 13:37:13.724863+00:00
773;773;LEåNICA - P≥oÒskiego - KosmonautÛw - WSCHOWSKA|WSCHOWSKA - P≥oÒskiego - LEåNICA;1;2022-11-17 13:37:13.724863+00:00
903;903;Ø”RAWINA - KOåCI”£ åW. TR”JCY - Aleja Niepodleg≥oúci - Lipowa - Wroc≥awska - Grota-Roweckiego - Borowska - åwieradowska - Morwowa - Gazowa - TARNOGAJ|TARNOGAJ - Tarnogajska - Gazowa - åwieradowska - Borowska - Grota-Roweckiego - Wroc≥awska - Lipowa - Aleja Niepodleg≥oúci - Ma≥owiejska - Ø”RAWINA - NIEPODLEG£OåCI (MOSTEK);1;2022-11-17 13:37:13.724863+00:00
904;904;£OZINA - SKRZY. - Wroc≥awska - Trzebnicka - Parkowa - Wroc≥awska - Bierutowska - Krzywoustego - Aleja Kromera - WyszyÒskiego - S≥owackiego - GALERIA DOMINIKA—SKA|GALERIA DOMINIKA—SKA - WyszyÒskiego - Aleja Kromera - Krzywoustego - Bierutowska - Wroc≥awska - Parkowa - Trzebnicka - Wroc≥awska - £OZINA - SKRZY.;1;2022-11-17 13:37:13.724863+00:00
907;907;PIETRZYKOWICE - SPORTOWA/P TLA - Sportowa - Wroc≥awska - Parkowa - Wiejska - Solskiego - GrabiszyÒska - OPOR”W|OPOR”W - Solskiego - Mokronoska - Parkowa - Wroc≥awska - Sportowa - PIETRZYKOWICE - SPORTOWA/P TLA;1;2022-11-17 13:37:13.724863+00:00
908;908;PSARY - WOLNOåCI - G≥Ûwna - Su≥owska - Ømigrodzka - Su≥owska - Ømigrodzka - Trzebnicka - pl. PowstaÒcÛw Wielkopolskich - DWORZEC NADODRZE|DWORZEC NADODRZE - Trzebnicka - Ømigrodzka - Su≥owska - Ømigrodzka - Su≥owska - G≥Ûwna - PSARY - WOLNOåCI;1;2022-11-17 13:37:13.724863+00:00
909;909;SAMOTW”R - LEåNA - Samotworska - Jarno≥towska - Jerzmanowska - Øernicka - Strzegomska - NOWY DW”R|NOWY DW”R - GubiÒska - Chociebuska - Rogowska - Øernicka - Jerzmanowska - Jarno≥towska - Samotworska - G≥Ûwna - SAMOTW”R - LEåNA;1;2022-11-17 13:37:13.724863+00:00
911;911;BIELAWA - Wroc≥awska - Wilczycka - Wroc≥awska - Szewczenki - Gorlicka - ks. Mariana Stanety - Krzywoustego - Br¸cknera - Kochanowskiego - pl. Grunwaldzki - PL. GRUNWALDZKI|PL. GRUNWALDZKI - Kochanowskiego - Br¸cknera - Krzywoustego - ks. Mariana Stanety - Gorlicka - Szewczenki - Wroc≥awska - Wilczycka - Wroc≥awska - BIELAWA|PL. GRUNWALDZKI - pl. Grunwaldzki - Kochanowskiego - Br¸cknera - Krzywoustego - ks. Mariana Stanety - Gorlicka - Szewczenki - Wroc≥awska - Wilczycka - Wroc≥awska - BIELAWA;1;2022-11-17 13:37:13.724863+00:00
913;913;Ø”RAWINA - KOåCI”£ åW. TR”JCY - Aleja Niepodleg≥oúci - Wroc≥awska - Lipowa - Wroc≥awska - Lipowa - Chabrowa - Radosna - O≥taszyÒska - Wojszycka - WaligÛrskiego - Karkonoska - KRZYKI|KRZYKI - WaligÛrskiego - Wojszycka - O≥taszyÒska - Radosna - Chabrowa - Lipowa - Wroc≥awska - Lipowa - Wroc≥awska - Ma≥owiejska - Ø”RAWINA - NIEPODLEG£OåCI (MOSTEK);1;2022-11-17 13:37:13.724863+00:00
914;914;PRUSZOWICE - Parkowa - Stawowa - Wroc≥awska - Trzebnicka - Parkowa - Wroc≥awska - Bierutowska - Krzywoustego - Aleja Kromera - WyszyÒskiego - S≥owackiego - GALERIA DOMINIKA—SKA|GALERIA DOMINIKA—SKA - WyszyÒskiego - Aleja Kromera - Krzywoustego - Bierutowska - Wroc≥awska - Parkowa - Trzebnicka - Wroc≥awska - Stawowa - Parkowa - PRUSZOWICE;1;2022-11-17 13:37:13.724863+00:00
917;917;GA£”W (P TLA) - S≥oneczna - Wroc≥awska - Gromadzka - Szkolna - Miodowa - Trzmielowicka - Rubczaka - P≥oÒskiego - LEåNICA|LEåNICA - Rubczaka - Trzmielowicka - Miodowa - Szkolna - Gromadzka - Wroc≥awska - S≥oneczna - GA£”W (P TLA);1;2022-11-17 13:37:13.724863+00:00
920;920;WOJN”W (P TLA) - Opatowicka - MiÍdzyrzecka - Na Grobli - Traugutta - S≥owackiego - GALERIA DOMINIKA—SKA|GALERIA DOMINIKA—SKA - Pu≥askiego - Na Grobli - MiÍdzyrzecka - Opatowicka - WOJN”W (P TLA);1;2022-11-17 13:37:13.724863+00:00
921;921;RAK”W - SKRZY. - Wroc≥awska - Wilczycka - Wroc≥awska - Szewczenki - Gorlicka - ks. Mariana Stanety - Krzywoustego - Br¸cknera - Kochanowskiego - pl. Grunwaldzki - PL. GRUNWALDZKI|PL. GRUNWALDZKI - Kochanowskiego - Br¸cknera - Krzywoustego - ks. Mariana Stanety - Gorlicka - Szewczenki - Wroc≥awska - Wilczycka - Wroc≥awska - RAK”W - SKRZY.;1;2022-11-17 13:37:13.724863+00:00
923;923;BRZEZINA (P TLA) - Kopernika - G≥Ûwna - Kolejowa - Wroc≥awska - G≥Ûwna - WilkszyÒska - Stab≥owicka - JeleniogÛrska - P≥oÒskiego - LEåNICA|LEåNICA - JeleniogÛrska - G≥Ûwna - WilkszyÒska - G≥Ûwna - Wroc≥awska - Kolejowa - G≥Ûwna - Kopernika - BRZEZINA (P TLA);1;2022-11-17 13:37:13.724863+00:00
924;924;ST PIN - KOåCI”£ - Bursztynowa - Wiejska - Broniewskiego - Wroc≥awska - Bierutowska - Krzywoustego - Aleja Kromera - WyszyÒskiego - S≥owackiego - GALERIA DOMINIKA—SKA|GALERIA DOMINIKA—SKA - WyszyÒskiego - Aleja Kromera - Krzywoustego - Bierutowska - Wroc≥awska - Broniewskiego - Wschodnia - Bursztynowa - ST PIN - KOåCI”£;1;2022-11-17 13:37:13.724863+00:00
927;927;SMOLEC - WIåNIOWA - Wiúniowa - G≥Ûwna - pÍtla - DÍbowa - G≥Ûwna - Ch≥opska - Jurija Gagarina - MiÒska - Strzegomska - GubiÒska - Chociebuska - Rogowska - Zemska - NOWY DW”R (P TLA)|NOWY DW”R (P TLA) - GubiÒska - Strzegomska - MiÒska - Jurija Gagarina - Ch≥opska - Lipowa - Ch≥opska - DÍbowa - G≥Ûwna - Wiúniowa - SMOLEC - WIåNIOWA;1;2022-11-17 13:37:13.724863+00:00
930;930;KRZYØANOWICE - G≥Ûwna - KamieÒskiego - Ømigrodzka - Zak≥adowa - Rychtalska - WyszyÒskiego - Aleja Kromera - KROMERA|KROMERA - Jednoúci Narodowej - Rychtalska - S≥onimskiego - Zak≥adowa - Ømigrodzka - KamieÒskiego - G≥Ûwna - KRZYØANOWICE;1;2022-11-17 13:37:13.724863+00:00
931;931;KIE£CZ”WEK - P TLA - Topolowa - Rzeczna - Wilczycka - Wroc≥awska - Kie≥czowska - Krzywoustego - ks. Mariana Stanety - MULICKA|MULICKA - Kie≥czowska - Wroc≥awska - Wilczycka - Rzeczna - Topolowa - KIE£CZ”WEK - P TLA;1;2022-11-17 13:37:13.724863+00:00
933;933;ZABRODZIE - P TLA - Zabrodzka - Czekoladowa - Wa≥brzyska - Krzycka - Karkonoska - KRZYKI|KRZYKI - Krzycka - Wa≥brzyska - Czekoladowa - Zabrodzka - ZABRODZIE - P TLA|KRZYKI - Karkonoska - Krzycka - Wa≥brzyska - Czekoladowa - Zabrodzka - ZABRODZIE - P TLA;1;2022-11-17 13:37:13.724863+00:00
934;934;JAKSONOWICE - SKRZY. - Milicka - Wroc≥awska - Trzebnicka - Stawowa - Parkowa - Stawowa - Okulickiego - Bora-Komorowskiego - Krzywoustego - ks. Mariana Stanety - MULICKA|MULICKA - Bora-Komorowskiego - Okulickiego - Stawowa - Parkowa - Stawowa - Trzebnicka - Wroc≥awska - Milicka - JAKSONOWICE - SKRZY.;1;2022-11-17 13:37:13.724863+00:00
936;936;GODZIESZOWA - TRANSFORMATOR - Wroc≥awska - Nowego Osiedla - Wroc≥awska - Paw≥owicka - Azaliowa - Bora-Komorowskiego - Bierutowska - Wroc≥awska - Kie≥czowska - MIRK”W - SKRZY. POLNA|MIRK”W - SKRZY. POLNA - Wroc≥awska - Bierutowska - Bora-Komorowskiego - Przedwioúnie - StarodÍbowa - Paw≥owicka - Wroc≥awska - Nowego Osiedla - Wroc≥awska - GODZIESZOWA - TRANSFORMATOR;1;2022-11-17 13:37:13.724863+00:00
937;937;BRZEZINKA åREDZKA - PKP - Kolejowa - G≥Ûwna - Kopernika - Chrobrego - WiÒska - Dolnobrzeska - Trzmielowicka - Rubczaka - P≥oÒskiego - LEåNICA|LEåNICA - Rubczaka - Trzmielowicka - Dolnobrzeska - WiÒska - Chrobrego - Kopernika - G≥Ûwna - Parkowa - Kolejowa - BRZEZINKA åREDZKA - PKP;1;2022-11-17 13:37:13.724863+00:00
938;938;LUTYNIA CENTRUM - Koúcielna - Innowacyjna - åredzka - MokrzaÒska - KrÍpicka - Dolnobrzeska - Trzmielowicka - Rubczaka - P≥oÒskiego - LEåNICA|LEåNICA - Rubczaka - Trzmielowicka - Dolnobrzeska - KrÍpicka - MokrzaÒska - åredzka - Innowacyjna - Koúcielna - LUTYNIA CENTRUM;1;2022-11-17 13:37:13.724863+00:00
940;940;CZERNA - G≥Ûwna - Piastowska - Koúciuszki - Klonowa - Parkowa - Kolejowa - BRZEZINKA åREDZKA - PKP|BRZEZINKA åREDZKA - PKP - Klonowa - Koúciuszki - Piastowska - G≥Ûwna - CZERNA;1;2022-11-17 13:37:13.724863+00:00
941;941;SZCZODRE - P TLA - Trzebnicka - Parkowa - Broniewskiego - Wschodnia - Bursztynowa - Wroc≥awska - Wilczycka - Rzeczna - Topolowa - Swojczycka - Mickiewicza - Paderewskiego - STADION OLIMPIJSKI|STADION OLIMPIJSKI - Mickiewicza - Swojczycka - Topolowa - Rzeczna - Wilczycka - Wroc≥awska - Bursztynowa - Wiejska - Broniewskiego - Parkowa - Trzebnicka - SZCZODRE - P TLA;1;2022-11-17 13:37:13.724863+00:00
947;947;SMOLEC - LIPOWA/P TLA - Lipowa - G≥Ûwna - Wroc≥awska - Stawowa - Parkowa - Wiejska - Solskiego - GrabiszyÒska - OPOR”W|OPOR”W - Solskiego - Mokronoska - Parkowa - Stawowa - Wroc≥awska - Lipowa - SMOLEC - LIPOWA/P TLA;1;2022-11-17 13:37:13.724863+00:00
948;948;MI KINIA - P TLA - Sportowa - Koúciuszki - Lipowa - åredzka - MokrzaÒska - KrÍpicka - Dolnobrzeska - Trzmielowicka - Rubczaka - P≥oÒskiego - LEåNICA|LEåNICA - Rubczaka - Trzmielowicka - Dolnobrzeska - KrÍpicka - MokrzaÒska - åredzka - Lipowa - Koúciuszki - Sportowa - MI KINIA - P TLA;1;2022-11-17 13:37:13.724863+00:00
958;958;KSI GINICE P&R - Kolejowa - Sportowa - Wroc≥awska - åredzka - Koúciuszki - Piastowska - Chrobrego - Wroc≥awska - åredzka - MokrzaÒska - KrÍpicka - Dolnobrzeska - Trzmielowicka - Rubczaka - P≥oÒskiego - LEåNICA;1;2022-11-17 13:37:13.724863+00:00
967;967;SMOLEC - WIåNIOWA - Wiúniowa - G≥Ûwna - pÍtla - DÍbowa - G≥Ûwna - Ch≥opska - Jurija Gagarina - Stanis≥awowska - Krzemieniecka - Ostrowskiego - GrabiszyÒska - FAT|FIO£KOWA - Ostrowskiego - Krzemieniecka - Stanis≥awowska - Jurija Gagarina - Ch≥opska - Lipowa - Ch≥opska - DÍbowa - G≥Ûwna - Wiúniowa - SMOLEC - WIåNIOWA;1;2022-11-17 13:37:13.724863+00:00
